OldProductHierarchyNode;NewProductHierarchyNode
AACCT-BOH000500012;AACCT-BOH000500002
AACCT-BOH000701560;AACCT-BOH000700019
AACCT-BOH000701561;AACCT-BOH000700020
AATTHLCIH0406;AATTHLCIH0411
AATTHLCIH040601328;AATTHLCIH041101913
AATTHLCIK001000027;AATTHLCIK001000025
AATTHLCIK001100028;AATTHLCIK001100026
AATTHLXXK001200029;AATTHLXXK001200025
AATTHLXXK001300030;AATTHLXXK001300025
AATTHLXXK0014;AATTHLXXK0011
AATTHLXXK001400031;AATTHLXXK001100025
AATTHLXXK001500032;AATTHLXXK001500025
AATTRINGI001600033;AATTRINGI001600196
ACASCHANC002001511;ACASCHANC002000061
ACASCHANC0473;ACASCHANC0368
ACASCHANC047301452;ACASCHANC036801351
ACASCHANH002700080;ACASCHANH002700044
ACASCHANH002700083;ACASCHANH002700045
ACASCHANH002700092;ACASCHANH002700046
ACASCHANS002800094;ACASCHANS002800053
ACASCURTP003100104;ACASCURTP003100101
ACHASTANL003601562;ACHASTANL003600114
ACONRESTC0045010149;ACONRESTC004500149
AFIIACCE2005900208;AFIIACCE2005900193
AFIIACCE2005901539;AFIIACCE2005900193
AFIIACCE2006000033;AFIIACCE2006000196
AFIIACCE2006000202;AFIIACCE2006000194
AFIIACCE2006000203;AFIIACCE2006000195
AFIIACCE2006000204;AFIIACCE2006000196
AFIIACCE2006000205;AFIIACCE2006000197
AFIIACCE2006000206;AFIIACCE2006000198
AFIIACCE2006000208;AFIIACCE2006000193
AFIIACCE2006100033;AFIIACCE2006100196
AFIIACCE2006100209;AFIIACCE2006100194
AFIIACCE2006100210;AFIIACCE2006100195
AFIIACCE2006100211;AFIIACCE2006100211
AFIIACCE2006100212;AFIIACCE2006100197
AFIIACCE2006100213;AFIIACCE2006100198
AFIIACCE2006200033;AFIIACCE2006200196
AFIIACCE2006200208;AFIIACCE2006200193
AFIIACCE2006200214;AFIIACCE2006200194
AFIIACCE2006200215;AFIIACCE2006200195
AFIIACCE2006200216;AFIIACCE2006200196
AFIIACCE2006200217;AFIIACCE2006200197
AFIIACCE2006200218;AFIIACCE2006200195
AFIIACCE2006200219;AFIIACCE2006200199
AFIIACCE2006200220;AFIIACCE2006200193
AFIIACCE2006201538;AFIIACCE2006200198
AFIIACCE2006300033;AFIIACCE2006300196
AFIIACCE2006300221;AFIIACCE2006300196
AFIIACCE2006300222;AFIIACCE2006300197
AFIIACCE2006400033;AFIIACCE2006400196
AFIIACCE2006400223;AFIIACCE2006400194
AFIIACCE2006400224;AFIIACCE2006400195
AFIIACCE2006400225;AFIIACCE2006400196
AFIIACCE2006400226;AFIIACCE2006400197
AFIIACCE2006500033;AFIIACCE2006500196
AFIIACCE2006500227;AFIIACCE2006500195
AFIIACCE2006500228;AFIIACCE2006500196
AFIIACCE2006500229;AFIIACCE2006500197
AFIIACCE2006500230;AFIIACCE2006500198
AFIIACCE2006500231;AFIIACCE2006500199
AFIIACCE2006500232;AFIIACCE2006500200
AFIIACCE2006500233;AFIIACCE2006500201
AFIIACCEA0467;AFIIACCEA0138
AFIIACCEA046701446;AFIIACCEA013801917
AFIIACCET006600033;AFIIACCET006600196
AFIIACCET006600208;AFIIACCET006600193
AFIIACCET006600235;AFIIACCET006600194
AFIIACCET006600236;AFIIACCET006600195
AFIIACCET006600237;AFIIACCET006600196
AFIIACCET006600238;AFIIACCET006600199
AFIIACCET006600239;AFIIACCET006600193
AFIIBARX1006700240;AFIIBARX1006700195
AFIIBARX1006800240;AFIIBARX1006800195
AFIIBARX1006800241;AFIIBARX1006800195
AFIIBARX1006800242;AFIIBARX1006800196
AFIIBARXB0458;AFIIBARX10067
AFIIBARXB045801436;AFIIBARX1006700195
AFIIBARXB0459;AFIIBARX10068
AFIIBARXB045901437;AFIIBARX1006800195
AFIIBARXB045901438;AFIIBARX1006800196
AFIIBOLT1006900033;AFIIBOLT1006900196
AFIIBOLT1006900243;AFIIBOLT1006900195
AFIIBOLT1006900244;AFIIBOLT1006900196
AFIIBOLT1006900245;AFIIBOLT1006900197
AFIIBOLT1006900246;AFIIBOLT1006900198
AFIIBOLT1006900247;AFIIBOLT1006900201
AFIIBOLT1007000033;AFIIBOLT1007000196
AFIIBOLT1007000248;AFIIBOLT1007000200
AFIIBOLT1007000249;AFIIBOLT1007000196
AFIIBOLT1007000250;AFIIBOLT1007000197
AFIIBOLT1007000251;AFIIBOLT1007000195
AFIIBOLT1007000254;AFIIBOLT1007000198
AFIIBOLT1007000255;AFIIBOLT1007000199
AFIIBOLT1007000257;AFIIBOLT1007000201
AFIIPAHAT007100242;AFIIPAHAT007100196
AFIIPAHAT007100258;AFIIPAHAT007100196
AFIIPAHAT007101536;AFIIPAHAT007100196
AFIIPLAT1007200240;AFIIPLAT1007200195
AFIIPLAT1007200242;AFIIPLAT1007200196
AFIIPLAT1007200259;AFIIPLAT1007200195
AFIIPLAT1007200260;AFIIPLAT1007200196
AFIIPLAT1007200261;AFIIPLAT1007200197
AFIIPLAT1007200262;AFIIPLAT1007200198
AFIIPLAT1007200263;AFIIPLAT1007200199
AFIIPLATM000300033;AFIIPLATM000300196
AFIIPLATO007300264;AFIIPLATO007300196
AFIIPLATO007300265;AFIIPLATO007300197
AFIIPLATP0457;AFIIPLAT10072
AFIIPLATP045701431;AFIIPLAT1007200197
AFIIPLATP045701432;AFIIPLAT1007200198
AFIIPLATP045701433;AFIIPLAT1007200199
AFIIPLATP045701434;AFIIPLAT1007200195
AFIIPLATP045701435;AFIIPLAT1007200196
AFIIPLATP0465;AFIIPLATM0003
AFIIPLATP046501444;AFIIPLATM000300196
AFIIPLATP0466;AFIIPLATM0004
AFIIPLATP046601445;AFIIPLATM000400197
AFIISOCK1007400266;AFIISOCK1007400194
AFIISOCK1007400267;AFIISOCK1007400195
AFIISOCK1007400268;AFIISOCK1007400196
AFIISOCK1007400269;AFIISOCK1007400197
AFIISOCK1007400270;AFIISOCK1007400198
AFIISOCK1007401514;AFIISOCK1007400194
AFIISOCK1007401515;AFIISOCK1007400195
AFIISOCK1007401516;AFIISOCK1007400196
AFIISOCK1007401517;AFIISOCK1007400197
AFIISOCK1007401518;AFIISOCK1007400198
AFIISOCK1007500242;AFIISOCK1007500196
AFIISOCK1007500261;AFIISOCK1007500197
AFIISOCK1007500271;AFIISOCK1007500196
AFIISOCK1007500272;AFIISOCK1007500197
AFIISOCK1007600240;AFIISOCK1007600195
AFIISOCK1007600242;AFIISOCK1007600196
AFIISOCK1007600261;AFIISOCK1007600197
AFIISOCK1007600262;AFIISOCK1007600198
AFIISOCK1007600273;AFIISOCK1007600207
AFIISOCK1007600274;AFIISOCK1007600193
AFIISOCK1007600275;AFIISOCK1007600194
AFIISOCK1007600276;AFIISOCK1007600195
AFIISOCK1007600277;AFIISOCK1007600196
AFIISOCK1007600278;AFIISOCK1007600197
AFIISOCK1007600279;AFIISOCK1007600198
AFIISOCK9007700280;AFIISOCK9007700207
AFIISOCK9007701519;AFIISOCK9007700194
AFIISOCK9007800033;AFIISOCK9007800196
AFIISOCK9007800281;AFIISOCK9007800195
AFIISOCK9007800282;AFIISOCK9007800196
AFIISOCK9007800283;AFIISOCK9007800197
AFIISOCK9007800284;AFIISOCK9007800198
AFIISOCK9007800285;AFIISOCK9007800199
AFIISOCK9007900240;AFIISOCK9007900195
AFIISOCK9007900242;AFIISOCK9007900196
AFIISOCK9007900261;AFIISOCK9007900197
AFIISOCK9007900262;AFIISOCK9007900198
AFIISOCK9007900263;AFIISOCK9007900199
AFIISOCK9007900274;AFIISOCK9007900193
AFIISOCK9007900275;AFIISOCK9007900194
AFIISOCK9007900286;AFIISOCK9007900193
AFIISOCK9007900287;AFIISOCK9007900194
AFIISOCK9007900288;AFIISOCK9007900195
AFIISOCK9007900289;AFIISOCK9007900196
AFIISOCK9007900290;AFIISOCK9007900197
AFIISOCK9007900291;AFIISOCK9007900198
AFIISOCK9007900292;AFIISOCK9007900199
AFIISOCK9008000293;AFIISOCK9008000207
AFIISOCK9008000294;AFIISOCK9008000193
AFIISOCK9008001512;AFIISOCK9008000207
AFIISOCK9008001513;AFIISOCK9008000193
AFIISOCKA008200296;AFIISOCKA008200194
AFIISOCKA008200297;AFIISOCKA008200207
AFIISOCKC008300033;AFIISOCKC008300196
AFIISOCKC008300298;AFIISOCKC008300196
AFIISOCKD008400033;AFIISOCKD008400196
AFIISOCKD008400299;AFIISOCKD008400196
AFIISOCKP008500033;AFIISOCKP008500196
AFIISOCKP008500300;AFIISOCKP008500194
AFIISOCKP008500301;AFIISOCKP008500195
AFIISOCKP008500302;AFIISOCKP008500196
AFIISOCKP008500303;AFIISOCKP008500197
AFIISOCKP008500304;AFIISOCKP008500198
AFIISOCKS0453;AFIISOCKS0400
AFIISOCKS045301414;AFIISOCKS040001918
AFIISOCKS0454;AFIISOCK10076
AFIISOCKS045400193;AFIISOCK1007600193
AFIISOCKS045400207;AFIISOCK1007600207
AFIISOCKS045401415;AFIISOCK1007600194
AFIISOCKS045401416;AFIISOCK1007600195
AFIISOCKS045401417;AFIISOCK1007600196
AFIISOCKS045401418;AFIISOCK1007600197
AFIISOCKS045401419;AFIISOCK1007600198
AFIISOCKS045401420;AFIISOCK1007600193
AFIISOCKS045401421;AFIISOCK1007600207
AFIISOCKS0455;AFIISOCK10075
AFIISOCKS045501422;AFIISOCK1007500196
AFIISOCKS045501423;AFIISOCK1007500197
AFIISOCKS0456;AFIISOCK90079
AFIISOCKS045600193;AFIISOCK9007900193
AFIISOCKS045601424;AFIISOCK9007900194
AFIISOCKS045601425;AFIISOCK9007900195
AFIISOCKS045601426;AFIISOCK9007900196
AFIISOCKS045601427;AFIISOCK9007900197
AFIISOCKS045601428;AFIISOCK9007900198
AFIISOCKS045601429;AFIISOCK9007900199
AFIISOCKS045601430;AFIISOCK9007900193
AFIISPAC1008600240;AFIISPAC1008600195
AFIISPAC1008600261;AFIISPAC1008600197
AFIISPAC1008600305;AFIISPAC1008600195
AFIISPAC1008600306;AFIISPAC1008600197
AFIISPAC1008601533;AFIISPAC1008600195
AFIISPAC1008601534;AFIISPAC1008600197
AFIISPAC1008700242;AFIISPAC1008700196
AFIISPAC1008700261;AFIISPAC1008700197
AFIISPAC1008700307;AFIISPAC1008700196
AFIISPAC1008700308;AFIISPAC1008700197
AFIISPAC1008701532;AFIISPAC1008700196
AFIISPAC1008701535;AFIISPAC1008700197
AFIIT-FIF008800033;AFIIT-FIF008800196
AFIIT-FIF008800309;AFIIT-FIF008800196
AFIIT-FIM000300033;AFIIT-FIM000300196
AFIIT-FIO008900310;AFIIT-FIO008900194
AFIIT-FIO008900311;AFIIT-FIO008900195
AFIIT-FIO008900312;AFIIT-FIO008900196
AFIIT-FIO008900313;AFIIT-FIO008900197
AFIIT-FIT0460;AFIIT-FIM0001
AFIIT-FIT046001439;AFIIT-FIM000100194
AFIIT-FIT0461;AFIIT-FIM0002
AFIIT-FIT046101440;AFIIT-FIM000200195
AFIIT-FIT0462;AFIIT-FIM0003
AFIIT-FIT046201441;AFIIT-FIM000300196
AFIIT-FIT0463;AFIIT-FIM0004
AFIIT-FIT046301442;AFIIT-FIM000400197
AFIIT-FIT0464;AFIIT-FIS0393
AFIIT-FIT046401443;AFIIT-FIS039301919
AFIITHREA009000240;AFIITHREA009000195
AFIITHREA009000242;AFIITHREA009000196
AFIITHREA009000261;AFIITHREA009000197
AFIITHREA009000262;AFIITHREA009000198
AFIITHREA009000263;AFIITHREA009000199
AFIITHREA009000315;AFIITHREA009000195
AFIITHREA009000316;AFIITHREA009000195
AFIITHREA009000317;AFIITHREA009000196
AFIITHREA009000318;AFIITHREA009000197
AFIITHREA009000319;AFIITHREA009000198
AFIITHREA009000321;AFIITHREA009000199
AFIITHREA009001524;AFIITHREA009000195
AFIITHREA009001525;AFIITHREA009000196
AFIITHREA009001526;AFIITHREA009000197
AFIITHREA009001527;AFIITHREA009000198
AFIITHREA009001528;AFIITHREA009000199
AFIITHREA009100266;AFIITHREA009100194
AFIITHREA009100267;AFIITHREA009100195
AFIITHREA009100293;AFIITHREA009100207
AFIITHREA009100294;AFIITHREA009100193
AFIITHREA009100322;AFIITHREA009100207
AFIITHREA009100323;AFIITHREA009100193
AFIITHREA009100324;AFIITHREA009100194
AFIITHREA009100325;AFIITHREA009100195
AFIITHREA009100326;AFIITHREA009100196
AFIITHREA009100327;AFIITHREA009100197
AFIITHREA009100328;AFIITHREA009100198
AFIITHREA009100329;AFIITHREA009100199
AFIITHREA009100330;AFIITHREA009100200
AFIITHREA009100331;AFIITHREA009100201
AFIITHREA009101520;AFIITHREA009100207
AFIITHREA009101521;AFIITHREA009100193
AFIITHREA009101522;AFIITHREA009100194
AFIITHREA009101523;AFIITHREA009100201
AFIITHREA009101537;AFIITHREA009100199
AFIITHREA009101950;AFIITHREA009100198
AFIITHREA009101951;AFIITHREA009100196
AFIITHREA009101952;AFIITHREA009100200
AFIITHREA009101953;AFIITHREA009100197
AFIITHREA009200240;AFIITHREA009200195
AFIITHREA009200242;AFIITHREA009200196
AFIITHREA009200263;AFIITHREA009200199
AFIITHREA009200332;AFIITHREA009200195
AFIITHREA009200333;AFIITHREA009200196
AFIITHREA009200334;AFIITHREA009200199
AFIITHREA009201529;AFIITHREA009200195
AFIITHREA009201530;AFIITHREA009200196
AFIITHREA009201531;AFIITHREA009200199
AFIITHREA0093;AFIITHREA0376
AFIITHREA009300335;AFIITHREA037600195
AFIITHREA009300336;AFIITHREA037600196
AFIITHREA009300337;AFIITHREA037600197
AFIITHREA009300338;AFIITHREA037600198
AFIITHREA009300339;AFIITHREA037600199
AFIITHREA037601954;AFIITHREA037600195
AFIITHREA037601955;AFIITHREA037600196
AFIITHREA037601956;AFIITHREA037600197
AFIITHREA037601957;AFIITHREA037600198
AFIITHREA037601958;AFIITHREA037600199
AGENSPECS0479;AGENSPECS0096
AGENSPECS047901458;AGENSPECS009600342
AGENSPECS047901459;AGENSPECS009600344
AGENSPECS047901460;AGENSPECS009600345
AGENSPECS047901461;AGENSPECS009600346
AGENSPECS047901462;AGENSPECS009600343
AGENSPECS047901463;AGENSPECS009600347
AGENSPECS047901464;AGENSPECS009600349
AGENSPECS047901465;AGENSPECS009600348
AGENSPECS047901466;AGENSPECS009600350
AGENSPECS047901467;AGENSPECS009600351
AGENSTAS;AGENSTAN
AGENSTASC0097;AGENSTANC0097
AGENSTASC009700352;AGENSTANC009701922
AGENSTASC0098;AGENSTANC0098
AGENSTASC009800353;AGENSTANC009801923
AGENSTASC0099;AGENSTANC0099
AGENSTASC009900354;AGENSTANC009901924
AGENSTASC009900355;AGENSTANC009900355
AGENSTASC009900356;AGENSTANC009900356
AGENSTASC009900357;AGENSTANC009901925
AGENSTASC009900358;AGENSTANC009901926
AGENSTASC009900359;AGENSTANC009901927
AGENSTASC009900360;AGENSTANC009901928
AGENSTASC0100;AGENSTANC0100
AGENSTASC010000361;AGENSTANC010001931
AGENSTASD0101;AGENSTAND0101
AGENSTASD010100362;AGENSTAND010101932
AGENSTASH0102;AGENSTANH0102
AGENSTASH010200363;AGENSTANH010201933
AGENSTASH010200364;AGENSTANH010201934
AGENSTASH010200365;AGENSTANH010201935
AGENSTASH010200367;AGENSTANH010201936
AGENSTASH010200368;AGENSTANH010201937
AGENSTASH010200369;AGENSTANH010201938
AGENSTASH010200370;AGENSTANH010201939
AGENSTASH010200371;AGENSTANH010201940
AGENSTASH010200372;AGENSTANH010201941
AGENSTASH010200373;AGENSTANH010201942
AGENSTASH010200374;AGENSTANH010201943
AGENSTASH010200375;AGENSTANH010201944
AGENSTASH0103;AGENSTANH0103
AGENSTASH010300376;AGENSTANH010300376
AGENSTASH010300377;AGENSTANH010301946
AGENSTASH010300378;AGENSTANH010301947
AGENSTASH010300379;AGENSTANH010301948
AGENSTASH010300380;AGENSTANH010301603
AGENSTASH010300381;AGENSTANH010301604
AGENSTASH010300382;AGENSTANH010301605
AGENSTASO0104;AGENSTANO0104
AGENSTASO010400383;AGENSTANO010401606
AGENSTASO010400384;AGENSTANO010401607
AGENSTASO010400385;AGENSTANO010401608
AGENSTASO010401564;AGENSTANO010401607
AGENSTASR0105;AGENSTANR0105
AGENSTASR010500386;AGENSTANR010501609
AGENSTASR010500387;AGENSTANR010501610
AGENSTASR010500388;AGENSTANR010501611
AGENSTASR010500389;AGENSTANR010501612
AGENSTASR0106;AGENSTANR0106
AGENSTASR010600390;AGENSTANR010601613
AGENSTASR010600391;AGENSTANR010601614
AGENSTASR010600392;AGENSTANR010601615
AGENSTASR010601563;AGENSTANR010601616
AGENSTASS0107;AGENSTANS0107
AGENSTASS010700393;AGENSTANS010701617
AGENSTASS010700394;AGENSTANS010701618
AGENSTASS010700395;AGENSTANS010701619
AGENSTASS010700396;AGENSTANS010701620
AGENSTASS010700397;AGENSTANS010701621
AGENSTASS0108;AGENSTANS0108
AGENSTASS010800398;AGENSTANS010801622
AGENSTASS010800399;AGENSTANS010801623
AGENSTASS010800400;AGENSTANS010801624
AGENSTASS010800401;AGENSTANS010801625
AGENSTASS010800402;AGENSTANS010801626
AGENSTASS010800403;AGENSTANS010801627
AGENSTASS010800404;AGENSTANS010801628
AGENSTASS0109;AGENSTANS0109
AGENSTASS010900405;AGENSTANS010901629
AGENSTASS010900406;AGENSTANS010901630
AGENSTASS010900407;AGENSTANS010901631
AGENSTASS010900408;AGENSTANS010901632
AGENSTASS010900409;AGENSTANS010901633
AGENSTASS0480;AGENSTANH0102
AGENSTASS048001468;AGENSTANH010201936
AGENSTASS048001469;AGENSTANH010201937
AGENSTASS048001470;AGENSTANH010201938
AGENSTASS048001471;AGENSTANH010201939
AGENSTASS048001472;AGENSTANH010201940
AGENSTASS048001473;AGENSTANH010201941
AGENSTASS048001474;AGENSTANH010201942
AGENSTASS048001475;AGENSTANH010201943
AGENSTAST0110;AGENSTANT0110
AGENSTAST011000410;AGENSTANT011001634
AGENSTAST011000411;AGENSTANT011001635
AGENSTAST011000412;AGENSTANT011001636
AGENSTAST011000413;AGENSTANT011001637
AGENSTAST011000414;AGENSTANT011001638
AGENSTAST011000415;AGENSTANT011001639
AGENSTAST011000416;AGENSTANH010201935
AGENSTASW0111;AGENSTANW0111
AGENSTASW011100417;AGENSTANH010201935
AGENSTASW011100418;AGENSTANW011101640
AGENSTASW011100419;AGENSTANW011101641
AGENSTASW011100420;AGENSTANW011101642
AGENSTASW011100421;AGENSTANW011101643
AGENSTASW011100422;AGENSTANW011101644
AGENSTASW011100423;AGENSTANW011101645
AGENSTASW011100424;AGENSTANW011101646
AGENSTASW011100425;AGENSTANW011100425
AGENSTASW011100426;AGENSTANW011101647
AGENSTASW011100427;AGENSTANW011101648
AINDAFISB011301558;AINDAFISB011300430
AINDAFISP012100466;AINDAFISP012100429
AINDAFISP012101557;AINDAFISP012100473
AINDCUSTM012900000;ORMSRAWMR037701870
AINDCUSTM012901556;AINDCUSTM012900519
AINDINDU;AINDINDS
AINDINDUI0429;AINDINDSI0367
AINDINDUI042901358;AINDINDSI036701652
AINDMODUI013001554;AINDMODUI013000535
APOSCHCP;APOSCCSE
APOSCHCPC0431;APOSCCSEH0134
APOSCHCPC043101361;APOSCCSEH013400547
APOSCHEM;APOSCCSE
APOSCHEMH0134;APOSCCSEH0134
APOSCHEMH013401654;APOSCCSEH013400549
APOSCHEMH0136;APOSCCSEH0134
APOSCHEMH013600549;APOSCCSEH013400549
APOSCHEMR0135;APOSCCSER0135
APOSCHEMR013501655;APOSCCSER013501655
APOSCHEMR0137;APOSCCSER0135
APOSCHEMR013700550;APOSCCSER013501655
APOSCHIS;APOSCISE
APOSCHISC0432;APOSCISEH0140
APOSCHISC043201362;APOSCISEH014000556
APOSCHISC043201366;APOSCISEH014000555
APOSCHISC043201369;APOSCISEH014000557
APOSCHISC0434;APOSCISEH0142
APOSCHISC043401364;APOSCISEH014200558
APOSCHISC0435;APOSCISEH0141
APOSCHISC043501365;APOSCISEH014101656
APOSCHISC0437;APOSCISEA0138
APOSCHISC043701367;APOSCISEA013800552
APOSCHISC043701368;APOSCISEA013800551
APOSCHISC043701370;APOSCISEA013800553
APOSCHISC0440;APOSCISEF0139
APOSCHISC044001371;APOSCISEF013900554
APOSDROPD0482;APOSDROPH0143
APOSDROPD048201477;APOSDROPH014300195
APOSDROPD048201478;APOSDROPH014300196
APOSDROPD048201479;APOSDROPH014300197
APOSDROPH014300560;APOSDROPH014300195
APOSDROPH014300561;APOSDROPH014300196
APOSDROPH014300562;APOSDROPH014300197
APOSDROPH014400561;APOSDROPH014400196
APOSDROPH014400562;APOSDROPH014400197
APOSDROPH014400563;APOSDROPH014400196
APOSDROPH014400564;APOSDROPH014400197
APOSGENEH014500560;APOSGENEH014500195
APOSGENEH014500565;APOSGENEH014500195
APOSGENEH014501570;APOSGENEH014500194
APOSGENEH014501571;APOSGENEH014501659
APOSGENEH014501572;APOSGENEH014501311
APOSGENEH014501573;APOSGENEH014500198
APOSGENEH014501574;APOSGENEH014500196
APOSGENEH014501657;APOSGENEH014500194
APOSGENEH014501658;APOSGENEH014500196
APOSGENEH014501660;APOSGENEH014500198
APOSPLASF0150;APOSPLASF0139
APOSPLASF015000579;APOSPLASF013901662
APOSPLASR0151;APOSPLASR0135
APOSPLASR015100580;APOSPLASR013501663
APOSPLASR015100581;APOSPLASR013501664
APOSPOST;APOSPOSI
APOSPOSTP0433;APOSPOSIP0369
APOSPOSTP043301363;APOSPOSIP036901665
APOSSCTIS0483;APOSSCTIS0406
APOSSCTIS048301480;APOSSCTIS040601667
APOSWEDGH015300560;APOSWEDGH015300195
APOSWEDGH015300561;APOSWEDGH015300196
APOSWEDGH015300562;APOSWEDGH015300197
APOSWEDGH015300582;APOSWEDGH015300194
APOSWEDGH015300583;APOSWEDGH015300195
APOSWEDGH015300584;APOSWEDGH015300193
APOSWEDGH015300585;APOSWEDGH015300194
APOSWEDGH015300586;APOSWEDGH015300195
APOSWEDGH015300587;APOSWEDGH015300196
APOSWEDGH015300588;APOSWEDGH015300197
APOSWEDGH015301566;APOSWEDGH015300193
APOSWEDGH015301567;APOSWEDGH015300194
APOSWEDGH015301568;APOSWEDGH015300195
APOSWEDGH015400560;APOSWEDGH015400195
APOSWEDGH015400561;APOSWEDGH015400196
APOSWEDGH015400562;APOSWEDGH015400197
APOSWEDGH015400584;APOSWEDGH015400193
APOSWEDGH015400585;APOSWEDGH015400194
APOSWEDGH015400589;APOSWEDGH015400193
APOSWEDGH015400590;APOSWEDGH015400194
APOSWEDGH015400591;APOSWEDGH015400195
APOSWEDGH015400592;APOSWEDGH015400196
APOSWEDGH015400593;APOSWEDGH015400197
APOSWEDGH015400594;APOSWEDGH015400193
APOSWEDGH015400595;APOSWEDGH015400193
APOSWEDGH015401565;APOSWEDGH015400193
APOSWEDGH015401657;APOSWEDGH015400194
APOSWEDGH015500584;APOSWEDGH015500193
APOSWEDGH015500596;APOSWEDGH015500193
APOSWEDGH015501569;APOSWEDGH015500193
APRECOLUH016400632;APRECOLUH016400199
APRECOLUH016400633;APRECOLUH016400200
APRELOOPH0168;APRELOOPH0501
APRELOOPH016800647;APRELOOPH050101949
APREWALLH017700675;APREWALLH017700648
APREWALLW0468;APREWALLA0169
APREWALLW046801447;APREWALLA016900648
ARODARCHA0486;ARODARCHA0361
ARODARCHA048601483;ARODARCHA036101335
ARODFORKL018101372;ARODFORKL018101678
ASUSHORDH0500;ASUSHORDH0412
ASUSHORDH050001497;ASUSHORDH041201679
ASUSIN-S;ASUSIAFP
ASUSIN-SI0428;ASUSIAFPB0251
ASUSIN-SI042801356;ASUSIAFPB025100849
ASUSIN-SI042801357;ASUSIAFPB025100850
ASUSPPAFF029701551;ASUSPPAFF029701118
ASUSPPAFP0481;ASUSPPAFP0374
ASUSPPAFP048101476;ASUSPPAFP037401685
IBUIACOUI036501243;IBUIACOUI036501687
IBUIACOUI036501244;IBUIACOUI036501688
IBUIACOUI036501245;IBUIACOUI036501689
IBUIACOUI036501246;IBUIACOUI036501690
IBUIACOUI036501509;IBUIACOUI036501691
IBUIBALCC036601247;IBUIBALCC036601693
IBUIBALCC036601248;IBUIBALCC036601694
IBUIBALCS036801251;IBUIBALCS036801695
ICONGFCGG0404;ICONGFCGG0037
ILIFFSASF036901252;ILIFFSASF036901763
ILIFFSASF036901254;ILIFFSASF036901765
ILIFFSASF036901255;ILIFFSASF036901766
ILIFFSASF036901546;ILIFFSASF036901386
ILIFSHASD037001256;ILIFSHASD037001764
ILIFSHASD037001257;ILIFSHASD037001765
ILIFSHASD037001258;ILIFSHASD037001766
ILIFTHRLD037101260;ILIFTHRLD037101764
ILIFTHRLD037101261;ILIFTHRLD037101765
ILIFTHRLD037101262;ILIFTHRLD037101766
ILIFTHRLD037201263;ILIFTHRLD037201766
ILIFTHRLH037301264;ILIFTHRLH037301765
MBRIANGBH0336;MBRIANGBH0337
MBRIANGBH033601772;MBRIANGBH033701579
MBRIANGBH033601773;MBRIANGBH033701203
MBRIANGBH033601774;MBRIANGBH033701204
MBRIANGBH033801203;MBRIANGBH033601773
MBRIANGBH033801204;MBRIANGBH033601774
MBRIANGBH033801585;MBRIANGBH033701585
MBRIANGBH033801586;MBRIANGBH033701586
MBRIANGBH033801587;MBRIANGBH033701587
MBRIANGBH033801588;MBRIANGBH033701588
MBRIANGBH033801589;MBRIANGBH033701589
MBRIANGBH033801590;MBRIANGBH033701590
MBRIANGBH033801592;MBRIANGBH033701592
MBRIANGSA0472;MBRIANGSA0355
MBRIANGSA047201451;MBRIANGSA035501775
MBRICOMPC0476;MBRICOMPA0341
MBRICOMPC047601455;MBRICOMPA034101782
MBRIGBKEG0471;MBRIGBKEG0038
MBRIGBKEG047101450;MBRIGBKEG003801401
MBRIPARSP0475;MBRIPARSP0335
MBRIPARSP047501454;MBRIPARSP033501783
MBRISCAFS0477;MBRISCAFS0386
MBRISCAFS047701456;MBRISCAFS038601784
MBRISINGH033801206;MBRISINGH033601785
MBRISINGH033801207;MBRISINGH033601786
MBRISINGH033801208;MBRISINGH033601787
MBRISINGH0340;MBRISINGH0336
MBRISINGH034001206;MBRISINGH033601785
MBRISINGH034001207;MBRISINGH033601786
MBRISINGH034001208;MBRISINGH033601787
MBRISLABA034101549;MBRISLABA034101782
MBRITBOL;MBRIT-BO
MBRITBOLA0343;MBRIT-BOA0341
MBRITBOLA034301550;MBRIT-BOA034101782
MHELHELIH0451;MHELHELIH0418
MHELHELIH045101412;MHELHELIH041801833
MSTOBLTEB0478;MSTOBLTEB0268
MSTOBLTEB047801457;MSTOBLTEB026801788
MSTOBLTEH0348;MSTOBLTEH0336
MSTOBLTEH034801225;MSTOBLTEH033601789
MSTOGROUH0349;MSTOGROUH0336
MSTOGROUH034901226;MSTOGROUH033601802
MWALCAVIH0351;MWALCAVIH0336
MWALCAVIH035101228;MWALCAVIH033601809
MWALCHATH0354;MWALCHATH0336
MWALCHATH035401229;MWALCHATH033601810
MWALCHATH035401230;MWALCHATH033601811
MWALCHATH035401231;MWALCHATH033601812
MWALCHATH035401232;MWALCHATH033601813
MWALFRAMH0355;MWALFRAMH0336
MWALFRAMH035501233;MWALFRAMH033601815
MWALGENA;MWALGENE
MWALGENAH0356;MWALGENEH0336
MWALGENAH035601234;MWALGENEH033601816
MWALGENAH035601235;MWALGENEH033601817
MWALGENAH035601236;MWALGENEH033601818
MWALHEADF035701575;MWALHEADF035701387
MWALHHSLH0474;MWALHHSLH0414
MWALHHSLH047401453;MWALHHSLH041401820
MWALMFCRH0361;MWALMFCRH0336
MWALMFCRH036101239;MWALMFCRH033601822
MWALMOVEH0360;MWALMOVEH0336
MWALMOVEH036001238;MWALMOVEH033601821
MWALTIES;MWALTIEC
MWALTIESH0363;MWALTIECH0336
MWALTIESH036301240;MWALTIECH033601825
MWALTIESH036301241;MWALTIECH033601826
MWALTIESH036301547;MWALTIECH033601547
MWALTIESH036301548;MWALTIECH033601548
MWALWSRTH0364;MWALWSRTH0336
MWALWSRTH036401242;MWALWSRTH033601813
RREICLERT038101288;RREICLERT038100196
RREICLERT038101289;RREICLERT038100197
RREICORBC044901408;RREICORBC044900196
RREICORBC044901409;RREICORBC044900197
RREIDURAD0464;RREIDURAD0501
RREIDURAD046401909;RREIDURAD050101498
RREIHCCTH038301294;RREIHCCTH038300195
RREIHCCTH038301295;RREIHCCTH038300196
RREIHCCTH038301296;RREIHCCTH038300197
RREIHCCTH038401298;RREIHCCTH038400196
RREIHCCTH038401299;RREIHCCTH038400197
RREIPUNCS038501301  ;RREIPUNCS038501301
RREIREIFR0425;RREIREIFR0378
RREIREIFR042501353;RREIREIFR037801897
RREISHECC038701577;RREISHECC038701507
RREISHECH038801576;RREISHECH038801898
RREISHECS0487;RREISHECD0463
RREISHECS048701484;RREISHECD046301899
RREISHECS0490;RREISHECE0009
RREISHECS049001487;RREISHECE000901901
RREISHECS0493;RREISHECS0427
RREISHECS049301490;RREISHECS042701903
RREISHECS0494;RREISHECE0010
RREISHECS049401491;RREISHECE001001902
RREISHECS0496;RREISHECH0417
RREISHECS049601493;RREISHECH041701900
RREISHECS0499;RREISHECC0387
RREISHECS049901496;RREISHECC038701507
RREISTUDH0393;RREISTUDH0118
RREISTUDH039301307;RREISTUDH011801905